Query_ID;Query_Consensus;Subject_Name;Source_DB;Subject_ID;Length;Orientation;Offset;Divergence;Overlap;Subject_Consensus
family_5;ACGCACSGC;Arnt::Ahr;JASPAR;MA0006.1;6;reverse-complement;-1;0.826;5;YGCGTG;
family_2;NNACCGCGCSNNNN;MAZ;HOCOMOCO;MAZ_HUMAN.H10MO.A;22;reverse-complement;7;0.341;7;GGGCGGGGSSGGGGGGGGGGGG;
family_2;NNACCGCGCSNNNN;THAP1;HOCOMOCO;THAP1_HUMAN.H10MO.D;22;reverse-complement;7;0.389;7;SGCCGCCATCTTGGNNNNGGGC;
family_2;NNACCGCGCSNNNN;KLF16;HOCOMOCO;KLF16_HUMAN.H10MO.D;19;reverse-complement;5;0.640;9;NGGGGYGGGGNGGGGGGGG;
family_2;NNACCGCGCSNNNN;THAP1;HOCOMOCO;THAP1_HUMAN.H10MO.D;22;as given;6;0.770;8;SGCCGCCATCTTGGNNNNGGGC;
family_2;NNACCGCGCSNNNN;SP1;HOCOMOCO;SP1_HUMAN.H10MO.C;19;reverse-complement;7;0.871;7;GNGNNGGGGGCGGGGCNNN;
family_3;AANGGCGACG;SOX10;JASPAR;MA0442.1;6;reverse-complement;-2;0.406;4;CWTTGT;
family_3;AANGGCGACG;Sox2;JASPAR;MA0143.1;15;reverse-complement;-10;0.784;5;CCWTTGTYATGCAAA;
family_3;AANGGCGACG;SOX2;HOCOMOCO;SOX2_HUMAN.H10MO.B;16;reverse-complement;-11;0.853;5;CCATTGTYATGCAAAN;
family_8;ACGCCGGGNN;SP2;HOCOMOCO;SP2_HUMAN.H10MO.C;22;as given;5;0.659;5;GGGNNGGGGGCGGGGCCNGNGS;
family_8;ACGCCGGGNN;ZN350;HOCOMOCO;ZN350_HUMAN.H10MO.C;24;reverse-complement;5;0.679;5;ASGGGNNGCAGNNNTTTGTKGCCN;
family_8;ACGCCGGGNN;NRF1;HOCOMOCO;NRF1_HUMAN.H10MO.A;18;reverse-complement;5;0.739;5;STGCGCMTGCGCANNGSN;
family_8;ACGCCGGGNN;MYAATNNNNNNNGGC;JASPAR;PF0138;15;reverse-complement;2;0.756;8;CCAATNNGNNNNGGC;
family_8;ACGCCGGGNN;SP4;HOCOMOCO;SP4_HUMAN.H10MO.D;22;reverse-complement;5;0.762;5;GGGGGCGGGGCCNGGGSGGGGS;
family_8;ACGCCGGGNN;SP2;HOCOMOCO;SP2_HUMAN.H10MO.C;22;reverse-complement;5;0.769;5;GGGNNGGGGGCGGGGCCNGNGS;
family_8;ACGCCGGGNN;RFX2;HOCOMOCO;RFX2_HUMAN.H10MO.C;22;as given;5;0.784;5;SNSSCSGTTGCCATGGNRACNG;
family_8;ACGCCGGGNN;KAISO;HOCOMOCO;KAISO_HUMAN.H10MO.A;19;reverse-complement;5;0.793;5;GNTCTCGCGAGANNNNGGN;
family_8;ACGCCGGGNN;THAP1;HOCOMOCO;THAP1_HUMAN.H10MO.D;22;reverse-complement;5;0.796;5;SGCCGCCATCTTGGNNNNGGGC;
family_8;ACGCCGGGNN;MAZ;HOCOMOCO;MAZ_HUMAN.H10MO.A;22;reverse-complement;5;0.812;5;GGGCGGGGSSGGGGGGGGGGGG;
family_8;ACGCCGGGNN;TFDP1;HOCOMOCO;TFDP1_HUMAN.H10MO.D;22;as given;5;0.847;5;NNGNSNNSNNNRGGGGCGGGAN;
family_8;ACGCCGGGNN;ZFX;HOCOMOCO;ZFX_HUMAN.H10MO.C;19;as given;5;0.859;5;NNGSGNNNCAGGCCNNGSC;
family_8;ACGCCGGGNN;ETV1;HOCOMOCO;ETV1_HUMAN.H10MO.B;22;reverse-complement;5;0.861;5;NNNGRCCGGAAGYRNNNNNNNS;
family_8;ACGCCGGGNN;THAP1;HOCOMOCO;THAP1_HUMAN.H10MO.D;22;as given;5;0.867;5;SGCCGCCATCTTGGNNNNGGGC;
family_6;ACCGCGCCNN;WYAAANNRNNNGCG;JASPAR;PF0126;14;reverse-complement;4;0.469;6;TTAAARNGSCNGCG;
family_6;ACCGCGCCNN;CCAATNNSNNNGCG;JASPAR;PF0104;14;reverse-complement;4;0.518;6;CCAATSRGNGNGCG;
family_6;ACCGCGCCNN;MCAATNNNNNGCG;JASPAR;PF0110;13;reverse-complement;4;0.579;6;CCAATSNGNNGCG;
family_9;AATGGCGGCGS;SOX15;HOCOMOCO;SOX15_HUMAN.H10MO.D;7;reverse-complement;-3;0.513;4;CWTTGTT;
family_9;AATGGCGGCGS;SOX9;JASPAR;MA0077.1;9;as given;-4;0.781;5;NAACAATRG;
family_9;AATGGCGGCGS;SMTTTTGT;JASPAR;PF0062;8;reverse-complement;-4;0.793;4;CCTTTTGT;
family_9;AATGGCGGCGS;SOX10;JASPAR;MA0442.1;6;reverse-complement;-2;0.851;4;CWTTGT;
